"","name","term","estimate","std.error","statistic","p.value"
"1","Chao1","(Intercept)",2637.95967741936,147.259220968378,17.9137147410676,4.22478528858701e-31
"2","Chao1","LegendDay 2 of washout (T2W)",17.1503548387097,208.255987477976,0.082352277340998,0.934553612351741
"3","Chao1","LegendDay 4 of washout (T4W)",158.96070189099,211.816176778993,0.750465353063418,0.454976429479358
"4","Shannon","(Intercept)",4.32170967741935,0.0694477036739284,62.2296987343267,1.54632437338668e-74
"5","Shannon","LegendDay 2 of washout (T2W)",0.00916129032258068,0.0982138844113373,0.093278973512661,0.92589397923282
"6","Shannon","LegendDay 4 of washout (T4W)",-0.0232269187986651,0.099892875852241,-0.232518271203061,0.816675419676588
"7","Simpson","(Intercept)",0.963193548387096,0.00785148345793261,122.676632199225,3.66848449526368e-100
"8","Simpson","LegendDay 2 of washout (T2W)",0.00296774193548376,0.0111036743909563,0.267275663081486,0.789882313890126
"9","Simpson","LegendDay 4 of washout (T4W)",-0.00929699666295882,0.0112934945408948,-0.823216997121091,0.412609946210751
